CITY_ENG,JCODE,mean
,,13.012715194398996
,,4.607389671394634
,,2.786457164202577
,,0.22758620309418645
,,13.95560970073793
Aomori-shi,02201,2.698386149932287
Hirosaki-shi,02202,1.9721793876762213
Hachinohe-shi,02203,8.555233928218579
Kuroishi-shi,02204,1.265374905771257
Goshogawara-shi,02205,1.1365741417200708
Towada-shi,02206,0.7753589090645059
Misawa-shi,02207,5.10929146439904
Mutsu-shi,02208,0.7460389344390703
Tsugaru-shi,02209,1.2367369955027192
Hirakawa-shi,02210,1.0170022962057819
Hiranai-machi,02301,0.6672630162167927
Imabetsu-machi,02303,0.6891361211631893
Yomogita-mura,02304,0.502127527244821
Sotogahama-machi,02307,0.6704187803966801
Ajigasawa-machi,02321,0.5249100823698167
Fukaura-machi,02323,0.3985795778480956
Nishimeya-mura,02343,0.3717876607686571
Fujisaki-machi,02361,3.524985080771564
Owani-machi,02362,0.816461637941825
Inakadate-mura,02367,3.696478913951577
Itayanagi-machi,02381,3.3924987555895574
Tsuruta-machi,02384,2.4682647635397847
Nakadomari-machi,02387,0.6552703703248145
Noheji-machi,02401,1.670253245697465
Shichinohe-machi,02402,0.6183901826874848
Rokunohe-machi,02405,1.1919406838906752
Yokohama-machi,02406,0.6638422821724702
Tohoku-machi,02408,0.8146196213681687
Rokkasho-mura,02411,2.4331146480059336
Oirase-cho,02412,2.2168739666148625
Oma-machi,02423,0.6655742219021553
Higashidori-mura,02424,0.6344978485627168
Kazamaura-mura,02425,0.4745506976423861
Sai-mura,02426,0.33141580342498067
Sannohe-machi,02441,0.6754926192877565
Gonohe-machi,02442,0.7053296133275437
Takko-machi,02443,0.4402264926393252
Nanbu-cho,02445,0.7830150700762681
Hashikami-cho,02446,0.7549717242199273
Shingo-mura,02450,0.392541364833743
Morioka-shi,03201,1.8326120865634685
Miyako-shi,03202,0.4140084937169935
Ofunato-shi,03203,0.7509532338441137
Hanamaki-shi,03205,0.8279837528541228
Kitakami-shi,03206,1.5064517265271011
Kuji-shi,03207,0.47504576390358505
Tono-shi,03208,0.4276190334403279
Ichinoseki-shi,03209,0.5747184772680138
Rikuzentakata-shi,03210,0.5405761936102278
Kamaishi-shi,03211,0.5944148765962266
Ninohe-shi,03213,0.5137664290985622
Hachimantai-shi,03214,0.6440354667085497
Oshu-shi,03215,0.7263457507512223
Takizawa-shi,03216,1.4198724001046994
Shizukuishi-cho,03301,0.5587948851867761
Kuzumaki-machi,03302,0.35135381338316285
Iwate-machi,03303,0.5431211163314769
Shiwa-cho,03321,0.9353945109052716
Yahaba-cho,03322,3.345686467111582
Nishiwaga-machi,03366,0.5237344668840328
Kanegasaki-cho,03381,1.180325942666397
Hiraizumi-cho,03402,0.7404440136591872
Sumita-cho,03441,0.3061968494338595
Otsuchi-cho,03461,0.47102692290121007
Yamada-machi,03482,0.43148202130203755
Iwaizumi-cho,03483,0.29626105160127975
Tanohata-mura,03484,0.3256158991826524
Fudai-mura,03485,0.40184320188068345
Karumai-machi,03501,0.4602801852064663
Noda-mura,03503,0.4303652045397331
Kunohe-mura,03506,0.5346358820157833
Hirono-cho,03507,0.3845505900540354
Ichinohe-machi,03524,0.5286631654651894
"Sendai-shi, Aoba-ku",04101,4.2382433360438
"Sendai-shi, Miyagino-ku",04102,19.422398838083346
"Sendai-shi, Wakabayashi-ku",04103,11.268584427887035
"Sendai-shi, Taihaku-ku",04104,3.4233554159225843
"Sendai-shi, Izumi-ku",04105,5.621124495256737
Ishinomaki-shi,04202,1.5874208806067123
Shiogama-shi,04203,9.527830176945834
Kesennuma-shi,04205,0.8888987395537713
Shiroishi-shi,04206,0.8000152929102728
Natori-shi,04207,5.0463096284441
Kakuda-shi,04208,1.2138702167879256
Tagajo-shi,04209,15.128735351841515
Iwanuma-shi,04211,4.9006576835678555
Tome-shi,04212,0.8376368636989395
Kurihara-shi,04213,0.7041529941113955
Higashimatsushima-shi,04214,2.1929348640879165
Osaki-shi,04215,1.0044048589626446
Tomiya-shi,04216,4.44362760231239
Zao-machi,04301,0.6676027850232985
Shichikashuku-machi,04302,0.34903396982141977
Ogawara-machi,04321,2.935845300784747
Murata-machi,04322,1.2830317242032665
Shibata-machi,04323,2.499903722099314
Kawasaki-machi,04324,0.5986099482561706
Marumori-machi,04341,0.43520088269426116
Watari-cho,04361,2.2771377467643785
Yamamoto-cho,04362,1.1276916896168587
Matsushima-machi,04401,1.574645768503305
Shichigahama-machi,04404,7.168996096890884
Rifu-cho,04406,4.804024209597345
Taiwa-cho,04421,1.3891281038266259
Osato-cho,04422,0.977086855100437
Ohira-mura,04424,2.270454034371765
Shikama-cho,04444,0.6464618750344344
Kami-machi,04445,0.5257546885665775
Wakuya-cho,04501,0.8921483329651323
Misato-machi,04505,1.4548020924726772
Onagawa-cho,04581,1.2027616238357457
Minamisanriku-cho,04606,0.5673506201302605
Akita-shi,05201,2.0203908237013946
Noshiro-shi,05202,0.8128274131283568
Yokote-shi,05203,1.706877043157515
Odate-shi,05204,0.6971284197580503
Oga-shi,05206,0.6586335223902401
Yuzawa-shi,05207,0.7897304818766261
Kazuno-shi,05209,0.7169529425081836
Yurihonjo-shi,05210,0.6604836750797413
Katagami-shi,05211,1.2247695229202116
Daisen-shi,05212,1.117858990473707
Kitaakita-shi,05213,0.4690014006519464
Nikaho-shi,05214,0.6711250174560073
Semboku-shi,05215,0.5073859050866275
Kosaka-machi,05303,0.875111644276373
Kamikoani-mura,05327,0.34320098369415464
Fujisato-machi,05346,0.3561450999806825
Mitane-cho,05348,0.5176373348470505
Happou-cho,05349,0.34536504675854757
Gojome-machi,05361,0.4806193687089907
Hachirogata-machi,05363,1.1121600565880174
Ikawa-machi,05366,0.8318182702257569
Ogata-mura,05368,0.47831309524010124
Misato-cho,05434,1.4901733858003976
Ugo-machi,05463,0.7517328657002488
Higashinaruse-mura,05464,0.7107163437196241
Yamagata-shi,06201,2.3877506574448346
Yonezawa-shi,06202,1.0125523340358673
Tsuruoka-shi,06203,0.755193645298261
Sakata-shi,06204,0.96248709262466
Shinjo-shi,06205,1.4065372018872082
Sagae-shi,06206,1.29690327774311
Kaminoyama-shi,06207,0.8490546779553688
Murayama-shi,06208,0.9490030278109548
Nagai-shi,06209,0.7973754787632819
Tendo-shi,06210,2.0054627724968577
Higashine-shi,06211,1.4254192923867028
Obanazawa-shi,06212,0.7780416720362825
Nanyo-shi,06213,1.0376206003807824
Yamanobe-machi,06301,0.8511826471558737
Nakayama-machi,06302,1.3390518805204006
Kahoku-cho,06321,1.2520974368691764
Nishikawa-machi,06322,0.6383841074425557
Asahi-machi,06323,0.4936163548344246
Oe-machi,06324,0.6781087697644445
Oishida-machi,06341,0.9234800789679032
Kaneyama-machi,06361,0.5607577097348498
Mogami-machi,06362,0.4598048539259478
Funagata-machi,06363,0.7494272192670526
Mamurogawa-machi,06364,0.4163384968942833
Okura-mura,06365,0.4557300647731264
Sakegawa-mura,06366,0.6618574870958475
Tozawa-mura,06367,0.36425237266568444
Takahata-machi,06381,0.9577996304672004
Kawanishi-machi,06382,0.8110827283436075
Oguni-machi,06401,0.3987255291288338
Shirataka-machi,06402,0.7851685082137458
Iide-machi,06403,0.5719646075252423
Mikawa-machi,06426,1.178688108752285
Shonai-machi,06428,0.7604359519170708
Yuza-machi,06461,0.5075105581089805
Fukushima-shi,07201,1.5210553202244121
Aizuwakamatsu-shi,07202,0.9496024249582097
Koriyama-shi,07203,2.062244126154939
Iwaki-shi,07204,1.3713397646910812
Shirakawa-shi,07205,1.1440152928819607
Sukagawa-shi,07207,1.1806005689924954
Kitakata-shi,07208,0.6142036360739946
Soma-shi,07209,1.1683771723008898
Nihonmatsu-shi,07210,0.8332495035570034
Tamura-shi,07211,0.5404614260023743
Minamisoma-shi,07212,0.9589496951660176
Date-shi,07213,0.9667991162012254
Motomiya-shi,07214,2.2436986673745287
Kori-machi,07301,1.3153378520069008
Kunimi-machi,07303,1.2978114494650572
Kawamata-machi,07308,0.5192680618722799
Otama-mura,07322,0.7386271284654653
Kagamiishi-machi,07342,2.6878805766830665
Tenei-mura,07344,0.3434876196865223
Shimogo-machi,07362,0.3169763836407973
Hinoemata-mura,07364,0.2928605251821487
Tadami-machi,07367,0.30801290652310387
Minamiaizu-machi,07368,0.32749693779842176
Kitashiobara-mura,07402,0.5618242809812628
Nishiaizu-machi,07405,0.5155241642825349
Bandai-machi,07407,3.246480200363375
Inawashiro-machi,07408,0.663953298044874
Aizubange-machi,07421,0.8960761192046027
Yugawa-mura,07422,1.226233015388655
Yanaizu-machi,07423,0.3944212798170841
Mishima-machi,07444,0.32592314740605577
Kaneyama-machi,07445,0.3414141668727401
Showa-mura,07446,0.3014918878980635
Aizumisato-machi,07447,0.44104234161258205
Nishigo-mura,07461,0.8166915790045105
Izumizaki-mura,07464,1.3154797095524393
Nakajima-mura,07465,0.9715781617852124
Yabuki-machi,07466,1.6432960956248654
Tanagura-machi,07481,0.6216705624053086
Yamatsuri-machi,07482,0.36536760365964244
Hanawa-machi,07483,0.39323773421873304
Samegawa-mura,07484,0.31998113598870614
Ishikawa-machi,07501,0.6216811199884554
Tamakawa-mura,07502,1.0812762338204727
Hirata-mura,07503,0.4430823333553454
Asakawa-machi,07504,0.7879485019990264
Furudono-machi,07505,0.329244003934975
Miharu-machi,07521,1.1344454206897734
Ono-machi,07522,0.6733083600948814
Hirono-machi,07541,1.7851914872799342
Naraha-machi,07542,1.0487636800002718
Tomioka-machi,07543,1.0460806398551799
Kawauchi-mura,07544,0.28311729760912674
Okuma-machi,07545,1.4781081275441015
Futaba-machi,07546,0.6028974290056022
Namie-machi,07547,0.3670876838911743
Katsurao-mura,07548,0.3686070440890927
Shinchi-machi,07561,1.8128715159379418
Iitate-mura,07564,0.3346959918480484
Mito-shi,08201,6.352446309767838
Hitachi-shi,08202,3.6718549408723926
Tsuchiura-shi,08203,7.326956410118097
Koga-shi,08204,6.4807169321731966
Ishioka-shi,08205,2.0179655930466303
Yuki-shi,08207,4.741757605688753
Ryugasaki-shi,08208,4.834935365803836
Shimotsuma-shi,08210,3.4331664071066412
Joso-shi,08211,3.830066377936985
Hitachiota-shi,08212,0.8478923731555882
Takahagi-shi,08214,1.0398863565031649
Kitaibaraki-shi,08215,1.2316813239717357
Kasama-shi,08216,1.7476265661950625
Toride-shi,08217,6.639120074434999
Ushiku-shi,08219,6.072493930619762
Tsukuba-shi,08220,5.580378772586545
Hitachinaka-shi,08221,8.06949163956393
Kashima-shi,08222,6.012019913472448
Itako-shi,08223,2.5819387096227517
Moriya-shi,08224,10.363866863709289
Hitachiomiya-shi,08225,0.8384983046597586
Naka-shi,08226,2.5708457111635075
Chikusei-shi,08227,2.85339527407175
Bando-shi,08228,3.509865289840829
Inashiki-shi,08229,1.5901665244423302
Kasumigaura-shi,08230,1.923235344898064
Sakuragawa-shi,08231,1.4744626794601516
Kamisu-shi,08232,9.914372227669965
Namegata-shi,08233,1.4705926513912457
Hokota-shi,08234,1.3660950903276368
Tsukubamirai-shi,08235,4.280966919488513
Omitama-shi,08236,2.425523219492166
Ibaraki-machi,08302,1.9645920624809068
Oarai-machi,08309,6.274522849155072
Shirosato-machi,08310,0.9891022185291404
Tokai-mura,08341,8.033117528801023
Daigo-machi,08364,0.7444543044198217
Miho-mura,08442,2.107033766224972
Ami-machi,08443,4.860407646923365
Kawachi-machi,08447,1.3052035259979566
Yachiyo-machi,08521,2.451748310979157
Goka-machi,08542,5.154146691896471
Sakai-machi,08546,3.9948125681956337
Tone-machi,08564,2.3170839224770363
Utsunomiya-shi,09201,5.611133450574014
Ashikaga-shi,09202,4.292280430938762
Tochigi-shi,09203,2.5000110982905057
Sano-shi,09204,2.0810289029023594
Kanuma-shi,09205,1.1896793509955534
Nikko-shi,09206,0.5969081804231414
Oyama-shi,09208,5.3857837690527655
Moka-shi,09209,3.300742357544199
Ohtawara-shi,09210,1.191504469931138
Yaita-shi,09211,1.289924408057882
Nasushiobara-shi,09213,1.196955204187094
Sakura-shi,09214,1.852467386408693
Nasukarasuyama-shi,09215,1.0971570574494645
Shimotsuke-shi,09216,4.17381815768628
Kaminokawa-machi,09301,4.29172358034035
Mashiko-machi,09342,1.010222115519728
Motegi-machi,09343,0.8409182094326356
Ichikai-machi,09344,1.1994397255877207
Haga-machi,09345,2.332591186953838
Mibu-machi,09361,3.1212044920055675
Nogi-machi,09364,4.099532517208362
Shioya-machi,09384,0.6145670785292052
Takanezawa-machi,09386,1.759497090107975
Nasu-machi,09407,0.7341342044367264
Nakagawa-machi,09411,0.720521194302017
Maebashi-shi,10201,4.636324927925971
Takasaki-shi,10202,3.419684980108158
Kiryu-shi,10203,1.5131159705087693
Isesaki-shi,10204,7.443392491416373
Ota-shi,10205,6.858550192786643
Numata-shi,10206,0.6766380699002679
Tatebayashi-shi,10207,5.603671510590338
Shibukawa-shi,10208,1.719902879537521
Fujioka-shi,10209,1.9646398773906386
Tomioka-shi,10210,1.772928345948171
Annaka-shi,10211,1.4397064248249098
Midori-shi,10212,1.1514758152309443
Shinto-mura,10344,1.5907920023839333
Yoshioka-machi,10345,3.625034834797677
Ueno-mura,10366,0.2728675364308619
Kanna-machi,10367,0.34283388259353315
Shimonita-machi,10382,0.4931701758164413
Nammoku-mura,10383,0.3128011141437802
Kanra-machi,10384,1.1220491628765676
Nakanojo-machi,10421,0.3942212312361308
Naganohara-machi,10424,1.1587883410328617
Tsumagoi-mura,10425,0.45472886848371613
Kusatsu-machi,10426,0.9798520323191285
Takayama-mura,10428,0.4736506563527164
Higashiagatsuma-machi,10429,0.5995539729367358
Katashina-mura,10443,0.30439372150727845
Kawaba-mura,10444,0.39435560366173844
Showa-mura,10448,1.0755484322487465
Minakami-machi,10449,0.47319262405634094
Tamamura-machi,10464,4.841920754756309
Itakura-machi,10521,2.3190552772523088
Meiwa-machi,10522,3.176846306040738
Chiyoda-machi,10523,3.622333328347868
Oizumi-machi,10524,11.97507777681629
Ora-machi,10525,5.055827833456228
"Saitama-shi, Nishi-ku",11101,13.01343294679631
"Saitama-shi, Kita-ku",11102,26.390510105314736
"Saitama-shi, Omiya-ku",11103,34.291204397468924
"Saitama-shi, Minuma-ku",11104,15.560078166333458
"Saitama-shi, Chuo-ku",11105,37.88680856809697
"Saitama-shi, Sakura-ku",11106,16.345481009891717
"Saitama-shi, Urawa-ku",11107,32.46111352339692
"Saitama-shi, Minami-ku",11108,31.914485262689528
"Saitama-shi, Midori-ku",11109,18.47530139502517
"Saitama-shi, Iwatsuki-ku",11110,12.223925682787007
Kawagoe-shi,11201,11.379041974453381
Kumagaya-shi,11202,6.173834939382782
Kawaguchi-shi,11203,27.134186319795546
Gyoda-shi,11206,5.97697308007062
Chichibu-shi,11207,0.6847259214085539
Tokorozawa-shi,11208,16.053137233556765
Hanno-shi,11209,1.9938911568681503
Kazo-shi,11210,4.397932614082328
Honjo-shi,11211,5.152578489020578
Higashimatsuyama-shi,11212,7.644382723953793
Kasukabe-shi,11214,12.912050749012888
Sayama-shi,11215,12.315234301060253
Hanyu-shi,11216,4.926621525078187
Konosu-shi,11217,6.550816064362864
Fukaya-shi,11218,5.2860687272412665
Ageo-shi,11219,14.341556548221407
Soka-shi,11221,30.204423710417732
Koshigaya-shi,11222,19.397721531118943
Warabi-shi,11223,43.82423542878042
Toda-shi,11224,32.27112214604034
Iruma-shi,11225,11.836283670768278
Asaka-shi,11227,22.866875942223114
Shiki-shi,11228,17.965861490213392
Wako-shi,11229,30.88499446034526
Niiza-shi,11230,22.77896396233771
Okegawa-shi,11231,10.419125633102105
Kuki-shi,11232,8.955231771384888
Kitamoto-shi,11233,9.875951673155932
Yashio-shi,11234,28.461547771966615
Fujimi-shi,11235,17.21829848621772
Misato-shi,11237,23.75858773564663
Hasuda-shi,11238,9.920413979247542
Sakado-shi,11239,8.083610429926521
Satte-shi,11240,7.117293288340415
Tsurugashima-shi,11241,13.473314130148385
Hidaka-shi,11242,5.448441243001533
Yoshikawa-shi,11243,8.605100166549176
Fujimino-shi,11245,17.701268135869263
Shiraoka-shi,11246,10.502448485239686
Ina-machi,11301,11.193508546375266
Miyoshi-machi,11324,14.399486453428462
Moroyama-machi,11326,2.978983814420624
Ogose-machi,11327,1.744526596459449
Namegawa-machi,11341,4.21293469067922
Ranzan-machi,11342,4.086499619850066
Ogawa-machi,11343,2.454029902881047
Kawajima-machi,11346,3.9888468566098796
Yoshimi-machi,11347,3.349030412200412
Hatoyama-machi,11348,2.749220713946424
Tokigawa-machi,11349,1.0917473853168203
Yokoze-machi,11361,1.4065107223584237
Minano-machi,11362,0.9410248555269028
Nagatoro-machi,11363,1.3298745007012054
Ogano-machi,11365,0.5704525416241116
Higashichichibu-mura,11369,0.8833486222336393
Misato-machi,11381,2.375762227147847
Kamikawa-machi,11383,1.5064883283919461
Kamisato-machi,11385,5.723837399601872
Yorii-machi,11408,3.0942922987867956
Miyashiro-machi,11442,7.292147884199147
Sugito-machi,11464,6.4192904865359
Matsubushi-machi,11465,6.31183874361144
"Chiba-shi, Chuo-ku",12101,36.70394593024832
"Chiba-shi, Hanamigawa-ku",12102,19.07540726263071
"Chiba-shi, Inage-ku",12103,28.380900816876384
"Chiba-shi, Wakaba-ku",12104,8.451556026249403
"Chiba-shi, Midori-ku",12105,8.134716442209886
"Chiba-shi, Mihama-ku",12106,33.04051116908122
Choshi-shi,12202,3.3588414412448797
Ichikawa-shi,12203,29.324781902454873
Funabashi-shi,12204,22.83479442426214
Tateyama-shi,12205,1.9743552723814835
Kisarazu-shi,12206,6.149441371122392
Matsudo-shi,12207,23.025835170392455
Noda-shi,12208,7.908811210723703
Mobara-shi,12210,3.8364801700440294
Narita-shi,12211,7.989333626976581
Sakura-shi,12212,7.406869247126399
Togane-shi,12213,4.188610950915058
Asahi-shi,12215,2.91969115330921
Narashino-shi,12216,31.419253953922187
Kashiwa-shi,12217,13.532097867285017
Katsuura-shi,12218,1.062876764678907
Ichihara-shi,12219,6.461240376872822
Nagareyama-shi,12220,15.87565782422153
Yachiyo-shi,12221,15.500044306130334
Abiko-shi,12222,8.573369602650308
Kamogawa-shi,12223,1.1229049234107589
Kamagaya-shi,12224,15.545456365233076
Kimitsu-shi,12225,3.022633172509757
Futtsu-shi,12226,1.6794369275007208
Urayasu-shi,12227,55.98566448400877
Yotsukaido-shi,12228,11.061501865666834
Sodegaura-shi,12229,7.228951326702537
Yachimata-shi,12230,3.602387039734662
Inzai-shi,12231,5.815947445362398
Shiroi-shi,12232,9.061972460401932
Tomisato-shi,12233,5.389505023208814
Minamiboso-shi,12234,0.797939742241662
Sosa-shi,12235,2.193404417307097
Katori-shi,12236,1.914006340001555
Sammu-shi,12237,2.0933032432585903
Isumi-shi,12238,1.1169853863616963
Oamishirasato-shi,12239,3.3958454221080014
Shisui-machi,12322,8.121471766100393
Sakae-machi,12329,2.276833822283089
Kozaki-machi,12342,2.1644865431671487
Tako-machi,12347,2.0901514623651782
Tonosho-machi,12349,1.5607499043204123
Kujukuri-machi,12403,2.4705988803041445
Shibayama-machi,12409,6.226818661310249
Yokoshibahikari-machi,12410,1.7781613738044388
Ichinomiya-machi,12421,2.094338521884807
Mutsuzawa-machi,12422,1.0073346493969029
Chosei-mura,12423,2.521082348416749
Shirako-machi,12424,2.9341207685262867
Nagara-machi,12426,1.6212642157403907
Chonan-machi,12427,1.1518752967019434
Otaki-machi,12441,0.7245545155648533
Onjuku-machi,12443,1.7254945844397391
Kyonan-machi,12463,1.1423860160845571
Chiyoda-ku,13101,94.44667127673458
Chuo-ku,13102,93.40203089880679
Minato-ku,13103,92.61654345803909
Shinjuku-ku,13104,88.56180038772507
Bunkyo-ku,13105,55.34493440429162
Taito-ku,13106,87.53239367786152
Sumida-ku,13107,60.51495819877208
Koto-ku,13108,51.57409671536361
Shinagawa-ku,13109,62.397363240253306
Meguro-ku,13110,47.14734298358473
Ota-ku,13111,44.181994104514075
Setagaya-ku,13112,38.55668804141623
Shibuya-ku,13113,79.03653619458774
Nakano-ku,13114,50.859409815768565
Suginami-ku,13115,41.97467588812099
Toshima-ku,13116,77.22248285073111
Kita-ku,13117,41.417070388210284
Arakawa-ku,13118,53.383079189217305
Itabashi-ku,13119,45.1044585294582
Nerima-ku,13120,37.16873972573192
Adachi-ku,13121,43.83068531535511
Katsushika-ku,13122,41.62792452778486
Edogawa-ku,13123,42.38291448952068
Hachioji-shi,13201,11.197379026524514
Tachikawa-shi,13202,29.539390918153753
Musashino-shi,13203,41.290402106540014
Mitaka-shi,13204,29.899596527560647
Ome-shi,13205,4.508432301487215
Fuchu-shi,13206,29.104466562715984
Akishima-shi,13207,23.796430591510767
Chofu-shi,13208,29.793863522155576
Machida-shi,13209,18.790181341971884
Koganei-shi,13210,25.007565510986606
Kodaira-shi,13211,26.21514843164697
Hino-shi,13212,22.083810386445162
Higashimurayama-shi,13213,24.758617545023917
Kokubunji-shi,13214,25.593853956524672
Kunitachi-shi,13215,31.68536705900174
Fussa-shi,13218,33.910037489849984
Komae-shi,13219,28.686913833248177
Higashiyamato-shi,13220,19.70974679819385
Kiyose-shi,13221,17.631650124155783
Higashikurume-shi,13222,25.557358382196405
Musashimurayama-shi,13223,18.60045200931893
Tama-shi,13224,26.205571403718142
Inagi-shi,13225,22.436554716063615
Hamura-shi,13227,22.187764421951
Akiruno-shi,13228,4.624321153457588
Nishitokyo-shi,13229,29.258038347780637
Mizuho-machi,13303,17.70852779828468
Hinode-machi,13305,2.984185010915
Hinohara-mura,13307,0.6120422278577193
Okutama-machi,13308,0.5750131954766379
"Yokohama-shi, Tsurumi-ku",14101,35.98991953317271
"Yokohama-shi, Kanagawa-ku",14102,33.16181949576885
"Yokohama-shi, Nishi-ku",14103,59.482424766696035
"Yokohama-shi, Naka-ku",14104,48.87242535167646
"Yokohama-shi, Minami-ku",14105,30.133484716785333
"Yokohama-shi, Hodogaya-ku",14106,26.71856106347618
"Yokohama-shi, Isogo-ku",14107,25.828641281093578
"Yokohama-shi, Kanazawa-ku",14108,22.100415735996666
"Yokohama-shi, Kohoku-ku",14109,31.473679790236577
"Yokohama-shi, Totsuka-ku",14110,21.28891496092525
"Yokohama-shi, Konan-ku",14111,24.352133062008654
"Yokohama-shi, Asahi-ku",14112,19.38032904426122
"Yokohama-shi, Midori-ku",14113,23.248136956139085
"Yokohama-shi, Seya-ku",14114,20.770821687718172
"Yokohama-shi, Sakae-ku",14115,16.712910851264215
"Yokohama-shi, Izumi-ku",14116,15.322017493186166
"Yokohama-shi, Aoba-ku",14117,23.606288999261757
"Yokohama-shi, Tsuzuki-ku",14118,28.090149109109944
"Kawasaki-shi, Kawasaki-ku",14131,47.3166740497562
"Kawasaki-shi, Saiwai-ku",14132,42.93140400031278
"Kawasaki-shi, Nakahara-ku",14133,40.50475693129507
"Kawasaki-shi, Takatsu-ku",14134,33.90880592759107
"Kawasaki-shi, Tama-ku",14135,27.318681779648486
"Kawasaki-shi, Miyamae-ku",14136,30.97471313706796
"Kawasaki-shi, Asao-ku",14137,21.694044598851512
"Sagamihara-shi, Midori-ku",14151,2.9122790647572425
"Sagamihara-shi, Chuo-ku",14152,25.74750863884361
"Sagamihara-shi, Minami-ku",14153,23.505023754153118
Yokosuka-shi,14201,13.986595258692509
Hiratsuka-shi,14203,15.186625890448013
Kamakura-shi,14204,13.369953088491751
Fujisawa-shi,14205,19.387257236154767
Odawara-shi,14206,6.2155823648396735
Chigasaki-shi,14207,16.73991086602347
Zushi-shi,14208,11.032854565309668
Miura-shi,14210,3.4274351672544006
Hadano-shi,14211,5.341028734908575
Atsugi-shi,14212,13.326950917829391
Yamato-shi,14213,27.633396868638368
Isehara-shi,14214,8.34876082271994
Ebina-shi,14215,21.742158805618576
Zama-shi,14216,23.07526238246117
Minamiashigara-shi,14217,1.7883852719139417
Ayase-shi,14218,19.14337946297525
Hayama-machi,14301,6.061886171122058
Samukawa-machi,14321,14.193166337779456
Oiso-machi,14341,5.711656952610518
Ninomiya-machi,14342,6.407940374299422
Nakai-machi,14361,5.326842001314914
Oi-machi,14362,6.867495150295556
Matsuda-machi,14363,2.6550276231695364
Yamakita-machi,14364,0.9645593562601151
Kaisei-machi,14366,9.42518333073641
Hakone-machi,14382,1.9655539284688057
Manazuru-machi,14383,2.676081840165493
Yugawara-machi,14384,2.144213116775136
Aikawa-machi,14401,6.769321589470687
Kiyokawa-mura,14402,1.0203717049865357
"Niigata-shi, Kita-ku",15101,3.5141309068002524
"Niigata-shi, Higashi-ku",15102,10.900146976505699
"Niigata-shi, Chuo-ku",15103,20.426792468994723
"Niigata-shi, Konan-ku",15104,3.4537901444168324
"Niigata-shi, Akiha-ku",15105,1.9828701728885352
"Niigata-shi, Minami-ku",15106,1.7594693155166914
"Niigata-shi, Nishi-ku",15107,4.307863574956912
"Niigata-shi, Nishikan-ku",15108,1.231863142159261
Nagaoka-shi,15202,1.3652918677673216
Sanjo-shi,15204,0.8721401033142447
Kashiwazaki-shi,15205,0.9545720246431252
Shibata-shi,15206,0.8149059726821958
Ojiya-shi,15208,0.9944811936731687
Kamo-shi,15209,0.6900501701171593
Tokamachi-shi,15210,0.5226544890584667
Mitsuke-shi,15211,1.9296792902733775
Murakami-shi,15212,0.47563450509402716
Tsubame-shi,15213,1.9780294979866804
Itoigawa-shi,15216,0.5143955699871782
Myoko-shi,15217,0.6821087251797596
Gosen-shi,15218,0.5864692267914705
Joetsu-shi,15222,0.9905205612537036
Agano-shi,15223,0.9458131439585077
Sado-shi,15224,0.35419027365044503
Uonuma-shi,15225,0.40459795390293307
Minamiuonuma-shi,15226,0.5297597196612586
Tainai-shi,15227,0.8475242666840193
Seiro-machi,15307,4.231699424952626
Yahiko-mura,15342,1.0843407075448157
Tagami-machi,15361,0.9549595747413364
Aga-machi,15385,0.38674818313233994
Izumozaki-machi,15405,0.6362715913424385
Yuzawa-machi,15461,0.6900835479318399
Tsunan-machi,15482,0.4513048880151493
Kariwa-mura,15504,1.8104518497163768
Sekikawa-mura,15581,0.40671569461734786
Awashimaura-mura,15586,0.29807289937860576
Toyama-shi,16201,1.537768428806349
Takaoka-shi,16202,3.344122992817202
Uozu-shi,16204,1.0618657489470211
Himi-shi,16205,0.8265954812184346
Namerikawa-shi,16206,2.5663356331412492
Kurobe-shi,16207,0.6234943445708941
Tonami-shi,16208,1.7388421634515472
Oyabe-shi,16209,1.1053951920346656
Nanto-shi,16210,0.5045502616817564
Imizu-shi,16211,4.8025442935191816
Funahashi-mura,16321,2.5624138594103187
Kamiichi-machi,16322,0.6158913771149175
Tateyama-machi,16323,0.6078867650803204
Nyuzen-machi,16342,1.323290778949692
Asahi-machi,16343,0.46788181214634506
Kanazawa-shi,17201,3.6021624817200357
Nanao-shi,17202,0.8804669417539815
Komatsu-shi,17203,1.3950981588962006
Wajima-shi,17204,0.3890913527808194
Suzu-shi,17205,0.3384734128694601
Kaga-shi,17206,1.2450276670629057
Hakui-shi,17207,1.2099368671405604
Kahoku-shi,17209,2.0421596652831786
Hakusan-shi,17210,0.8230199455750559
Nomi-shi,17211,2.2836826509278843
Nonoichi-shi,17212,10.388323183242559
Kawakita-machi,17324,2.665393112007147
Tsubata-machi,17361,1.237660292174339
Uchinada-machi,17365,4.075624096069713
Shika-machi,17384,0.654931499363342
Hodatsushimizu-cho,17386,0.7238943256838868
Nakanoto-machi,17407,1.2563126054268068
Anamizu-machi,17461,0.38501830398350495
Noto-cho,17463,0.41329350382944374
Fukui-shi,18201,1.953112199064524
Tsuruga-shi,18202,1.5954221362655316
Obama-shi,18204,0.5717211998600603
Ono-shi,18205,0.4063082608735139
Katsuyama-shi,18206,0.6234433035282592
Sabae-shi,18207,2.2386563270653337
Awara-shi,18208,1.1093371940471148
Echizen-shi,18209,1.2340345854998476
Sakai-shi,18210,1.597800504894608
Eiheiji-cho,18322,0.9657017160428922
Ikeda-cho,18382,0.33803832467497
Minamiechizen-cho,18404,0.460342668201597
Echizen-cho,18423,0.6953155335986037
Mihama-cho,18442,0.6639892234502015
Takahama-cho,18481,1.2362382265537692
Oi-cho,18483,0.4610122154787267
Wakasa-cho,18501,0.6406854492984794
Kofu-shi,19201,3.942916372123862
Fujiyoshida-shi,19202,1.4421856278260916
Tsuru-shi,19204,1.0360309859178316
Yamanashi-shi,19205,0.715795630403546
Otsuki-shi,19206,0.8399786054210232
Nirasaki-shi,19207,1.3464278943879975
Minamiarupusu-shi,19208,1.2548572762350914
Hokuto-shi,19209,0.5875963793541249
Kai-shi,19210,4.032544489105701
Fuefuki-shi,19211,2.4036511256904975
Uenohara-shi,19212,1.2606593753123503
Koshu-shi,19213,0.7978709947820234
Chuo-shi,19214,4.572676162816405
Ichikawamisato-cho,19346,1.3462749982173794
Hayakawa-cho,19364,0.27366592683245533
Minobu-cho,19365,0.5539816398906021
Nanbu-cho,19366,0.5351963921779038
Fujikawa-cho,19368,0.8727549520962696
Showa-cho,19384,18.588017911531754
Doshi-mura,19422,0.6696740722053058
Nishikatsura-cho,19423,1.1117153330551606
Oshino-mura,19424,2.1015520289054677
Yamanakako-mura,19425,1.666149210239601
Narusawa-mura,19429,0.43558765854953935
Fujikawaguchiko-machi,19430,0.991242258302439
Kosuge-mura,19442,0.4130351507173905
Tabayama-mura,19443,0.33843259938395426
Nagano-shi,20201,1.6076324666074748
Matsumoto-shi,20202,0.9472423579225256
Ueda-shi,20203,1.1457950887704103
Okaya-shi,20204,2.0598193187900873
Iida-shi,20205,0.6544568962281536
Suwa-shi,20206,1.9192338029196354
Suzaka-shi,20207,1.215415721120727
Komoro-shi,20208,1.8532040529467344
Ina-shi,20209,0.5330165483548281
Komagane-shi,20210,0.8902925866033952
Nakano-shi,20211,1.4401874101821854
Omachi-shi,20212,0.4488589156062131
Iiyama-shi,20213,0.7094664771530428
Chino-shi,20214,1.2306359773190465
Shiojiri-shi,20215,1.1300764804537298
Saku-shi,20217,0.9875065217528434
Chikuma-shi,20218,1.8224533051997893
Tomi-shi,20219,1.215339702717882
Azumino-shi,20220,0.9206286136775288
Koumi-machi,20303,0.44917547298339144
Kawakami-mura,20304,0.41795168136438426
Minamimaki-mura,20305,0.4022675921266691
Minamiaiki-mura,20306,0.3425965723150984
Kitaaiki-mura,20307,0.2917695859782443
Sakuho-machi,20309,0.48710767371481056
Karuizawa-machi,20321,1.1832816371140273
Miyota-machi,20323,1.4022936980008398
Tateshina-machi,20324,0.7622914431770997
Aoki-mura,20349,0.4689897385008984
Nagawa-machi,20350,0.5049247039677355
Shimosuwa-machi,20361,1.066445087937189
Fujimi-machi,20362,0.651083031517665
Hara-mura,20363,0.7488988577581074
Tatsuno-machi,20382,0.5783867296759582
Minowa-machi,20383,1.0590476897548822
Iijima-machi,20384,0.6356143474198926
Minamiminowa-mura,20385,1.3941213667764123
Nakagawa-mura,20386,0.4608715842346121
Miyada-mura,20388,0.6142381722227462
Matsukawa-machi,20402,0.7252623104658809
Takamori-machi,20403,0.7673305950694176
Anan-cho,20404,0.39069997014874147
Achi-mura,20407,0.4034594309944508
Hiraya-mura,20409,0.3624291646438618
Neba-mura,20410,0.30621577558014207
Shimojo-mura,20411,0.5230019032485389
Urugi-mura,20412,0.30232088696296955
Tenryu-mura,20413,0.27965045024486707
Yasuoka-mura,20414,0.34302581406361915
Takagi-mura,20415,0.5604284308488741
Toyooka-mura,20416,0.48882454165798517
Oshika-mura,20417,0.2908922760507676
Agematsu-machi,20422,0.3658096539547653
Nagiso-machi,20423,0.33183737070094227
Kiso-mura,20425,0.3643428595223668
Otaki-mura,20429,0.29523626989880364
Okuwa-mura,20430,0.3162384015457004
Kiso-machi,20432,0.392180061920608
Omi-mura,20446,0.5375684324369534
Ikusaka-mura,20448,0.5300913970620221
Yamagata-mura,20450,0.8739254670119513
Asahi-mura,20451,0.5355811787054967
Chikuhoku-mura,20452,0.44812036232495966
Ikeda-machi,20481,0.6602032104790808
Matsukawa-mura,20482,0.5770697981447219
Hakuba-mura,20485,0.6887071577088568
Otari-mura,20486,0.39777343614868976
Sakaki-machi,20521,1.473816187728225
Obuse-machi,20541,1.936901966816425
Takayama-mura,20543,0.572186753788325
Yamanouchi-machi,20561,0.7357074030200106
Kijimadaira-mura,20562,0.46532363711103153
Nozawaonsen-mura,20563,0.5943542357894401
Shinano-machi,20583,0.7552028860529513
Ogawa-mura,20588,0.4450434924981802
Iizuna-machi,20590,0.696713109519059
Sakae-mura,20602,0.3318011515460662
Gifu-shi,21201,6.582300359447216
Ogaki-shi,21202,3.2359100849692513
Takayama-shi,21203,0.4548318131289108
Tajimi-shi,21204,4.516794000979334
Seki-shi,21205,1.0426170562728585
Nakatsugawa-shi,21206,0.6703361218589593
Mino-shi,21207,1.0311821905361591
Mizunami-shi,21208,1.2037928002966598
Hashima-shi,21209,6.035896339051092
Ena-shi,21210,0.6870350848057646
Minokamo-shi,21211,3.366663121361563
Toki-shi,21212,2.348021301330372
Kakamigahara-shi,21213,6.489908157102484
Kani-shi,21214,4.466163933030165
Yamagata-shi,21215,0.5935185296565579
Mizuho-shi,21216,6.23970222994647
Hida-shi,21217,0.4527581480767677
Motosu-shi,21218,0.7700636819406468
Gujo-shi,21219,0.6410659046572921
Gero-shi,21220,0.44661859181737423
Kaizu-shi,21221,2.7023966913726154
Ginan-cho,21302,24.764397942688888
Kasamatsu-cho,21303,8.89403504006957
Yoro-cho,21341,1.9508406606188242
Tarui-cho,21361,1.6459382450973994
Sekigahara-cho,21362,1.4170956025366923
Godo-cho,21381,3.146524660723102
Wanouchi-cho,21382,2.8171784900923704
Anpachi-cho,21383,5.67144447351081
Ibigawa-cho,21401,0.4172812243949785
Ono-cho,21403,1.9585477374340274
Ikeda-cho,21404,1.6589082234417378
Kitagata-cho,21421,8.210554537770197
Sakahogi-cho,21501,2.944310357703478
Tomika-cho,21502,1.75561241789707
Kawabe-cho,21503,1.0621853752919657
Hichiso-cho,21504,0.4467017173643414
Yaotsu-cho,21505,0.5915263057447848
Shirakawa-cho,21506,0.38750617980442087
Higashishirakawa-mura,21507,0.36351867080063255
Mitake-cho,21521,1.3465697475103524
Shirakawa-mura,21604,0.39697320994572055
"Shizuoka-shi, Aoi-ku",22101,0.9415644453976922
"Shizuoka-shi, Suruga-ku",22102,10.887482726187617
"Shizuoka-shi, Shimizu-ku",22103,3.6138653892620245
"Hamamatsu-shi, Naka-ku",22131,22.4777677196253
"Hamamatsu-shi, Higashi-ku",22132,11.824107137982697
"Hamamatsu-shi, Nishi-ku",22133,5.0479747179338865
"Hamamatsu-shi, Minami-ku",22134,8.61387740360793
"Hamamatsu-shi, Kita-ku",22135,1.81846597610767
"Hamamatsu-shi, Hamakita-ku",22136,4.869740153043646
"Hamamatsu-shi, Tenryu-ku",22137,0.371173200589088
Numazu-shi,22203,4.523165026700738
Atami-shi,22205,3.4544630683909325
Mishima-shi,22206,5.855093442868055
Fujinomiya-shi,22207,1.3382763044349444
Ito-shi,22208,1.8783586669871646
Shimada-shi,22209,1.4490372923294714
Fuji-shi,22210,4.750421785402871
Iwata-shi,22211,4.783747410865494
Yaizu-shi,22212,7.483967518919787
Kakegawa-shi,22213,2.522440335477423
Fujieda-shi,22214,2.4541376786905387
Gotemba-shi,22215,3.2313636435328927
Fukuroi-shi,22216,4.031098203960518
Shimoda-shi,22219,0.8139333590757225
Susono-shi,22220,2.4937542478183037
Kosai-shi,22221,3.7408823640570295
Izu-shi,22222,0.6659042948761735
Omaezaki-shi,22223,3.1123749565989045
Kikugawa-shi,22224,2.5937209003645387
Izunokuni-shi,22225,1.8501782799831918
Makinohara-shi,22226,2.490991542010212
Higashiizu-cho,22301,0.6525495047880014
Kawazu-cho,22302,0.5064793314906688
Minamiizu-cho,22304,0.4179340286793403
Matsuzaki-cho,22305,0.4216807838856102
Nishiizu-cho,22306,0.4405735162102774
Kannami-cho,22325,2.094448308348268
Shimizu-cho,22341,11.803355464187534
Nagaizumi-cho,22342,7.319135024824525
Oyama-cho,22344,1.7343143056651564
Yoshida-cho,22424,6.882890628425623
Kawanehon-cho,22429,0.3005181436905222
Mori-machi,22461,1.0271197515895647
"Nagoya-shi, Chikusa-ku",23101,42.94328053722242
"Nagoya-shi, Higashi-ku",23102,62.33524452807075
"Nagoya-shi, Kita-ku",23103,32.80135771462617
"Nagoya-shi, Nishi-ku",23104,32.708545708111856
"Nagoya-shi, Nakamura-ku",23105,40.73971046896655
"Nagoya-shi, Naka-ku",23106,101.62697082032356
"Nagoya-shi, Showa-ku",23107,41.12558382951002
"Nagoya-shi, Mizuho-ku",23108,34.87445001858782
"Nagoya-shi, Atsuta-ku",23109,49.69655810240266
"Nagoya-shi, Nakagawa-ku",23110,28.339110833637793
"Nagoya-shi, Minato-ku",23111,26.38855765218056
"Nagoya-shi, Minami-ku",23112,34.39343416899313
"Nagoya-shi, Moriyama-ku",23113,18.38871566119945
"Nagoya-shi, Midori-ku",23114,24.615111527775518
"Nagoya-shi, Meito-ku",23115,28.678732467579493
"Nagoya-shi, Tempaku-ku",23116,25.644102816277258
Toyohashi-shi,23201,7.428621309978764
Okazaki-shi,23202,4.938424272758796
Ichinomiya-shi,23203,11.46382669705135
Seto-shi,23204,4.996678724586996
Handa-shi,23205,13.851949895965358
Kasugai-shi,23206,13.108073604663753
Toyokawa-shi,23207,6.001920241728732
Tsushima-shi,23208,10.956791273670571
Hekinan-shi,23209,14.643167967441936
Kariya-shi,23210,16.75156201204818
Toyota-shi,23211,3.499402825792329
Anjo-shi,23212,12.04899750066728
Nishio-shi,23213,4.801999276549701
Gamagori-shi,23214,6.424463137291187
Inuyama-shi,23215,4.9148515557735735
Tokoname-shi,23216,10.628072526855261
Konan-shi,23217,10.141302206706953
Komaki-shi,23219,15.635770606860692
Inazawa-shi,23220,8.52152275422755
Shinshiro-shi,23221,0.8083463511525965
Tokai-shi,23222,33.916234183546365
Obu-shi,23223,16.127197924771554
Chita-shi,23224,10.593427997788623
Chiryu-shi,23225,18.502193557772358
Owariasahi-shi,23226,14.109084977952278
Takahama-shi,23227,11.817463460094435
Iwakura-shi,23228,16.46139411122167
Toyoake-shi,23229,13.848890718664745
Nisshin-shi,23230,12.210497515987909
Tahara-shi,23231,11.221843571074364
Aisai-shi,23232,4.218041137711786
Kiyosu-shi,23233,17.8551715959766
Kitanagoya-shi,23234,18.68998030431977
Yatomi-shi,23235,9.10776209161946
Miyoshi-shi,23236,13.931314217726442
Ama-shi,23237,12.0383752727906
Nagakute-shi,23238,14.650014568485052
Togo-cho,23302,11.654194958060435
Toyoyama-cho,23342,23.198555036052703
Oguchi-cho,23361,10.330395900552913
Fuso-cho,23362,8.715285294348135
Oharu-cho,23424,17.355909970553725
Kanie-cho,23425,14.538391176197974
Tobishima-mura,23427,15.72529414316273
Agui-cho,23441,5.683756374375542
Higashiura-cho,23442,7.405361879311457
Minamichita-cho,23445,1.702958396964387
Mihama-cho,23446,2.044480513477168
Taketoyo-cho,23447,9.182881880457872
Kota-cho,23501,4.764956181437101
Shitara-cho,23561,0.4048017914403978
Toei-cho,23562,0.38137403171242756
Toyone-mura,23563,0.32227899306452373
Tsu-shi,24201,1.836375199140215
Yokkaichi-shi,24202,9.645725214638018
Ise-shi,24203,2.2471898833122195
Matsusaka-shi,24204,1.2810504751015137
Kuwana-shi,24205,4.873911434357123
Suzuka-shi,24207,4.786482575317744
Nabari-shi,24208,1.802630993589213
Owase-shi,24209,0.5857416690857034
Kameyama-shi,24210,2.329190542943288
Toba-shi,24211,0.8232296123683276
Kumano-shi,24212,0.3191087201637415
Inabe-shi,24214,1.5071806702479387
Shima-shi,24215,1.0207742909689297
Iga-shi,24216,1.2568326508730776
Kisosaki-cho,24303,3.973243293160741
Toin-cho,24324,4.2266759331385195
Komono-cho,24341,1.6908504205062787
Asahi-cho,24343,9.305797263927824
Kawagoe-cho,24344,13.295245787422513
Taki-cho,24441,0.8865589529086696
Meiwa-cho,24442,1.7815337853103428
Odai-cho,24443,0.30330744739825743
Tamaki-cho,24461,1.8186197051307016
Watarai-cho,24470,0.37938371506819224
Taiki-cho,24471,0.3809620293384042
Minamiise-cho,24472,0.3564718871314292
Kihoku-cho,24543,0.4104019706232409
Mihama-cho,24561,0.379910629647564
Kiho-cho,24562,0.5791691900398784
Otsu-shi,25201,2.738078611797059
Hikone-shi,25202,2.424665684205258
Nagahama-shi,25203,1.0050154078877978
Omihachiman-shi,25204,1.5422840661061057
Kusatsu-shi,25206,7.570819445712552
Moriyama-shi,25207,5.769193652248329
Ritto-shi,25208,6.803210263655646
Koka-shi,25209,1.3202008372261118
Yasu-shi,25210,2.8930055187886667
Konan-shi,25211,4.779082553798813
Takashima-shi,25212,0.601042245153601
Higashiomi-shi,25213,1.549730949321321
Maibara-shi,25214,1.23750129077331
Hino-cho,25383,1.2711184784964833
Ryuo-cho,25384,3.5514599804241613
Aisho-cho,25425,3.658682881353955
Toyosato-cho,25441,3.24446107224799
Kora-cho,25442,2.4137700506455966
Taga-cho,25443,1.1165974739440938
"Kyoto-shi, Kita-ku",26101,2.8882750422585315
"Kyoto-shi, Kamigyo-ku",26102,23.336197886477887
"Kyoto-shi, Sakyo-ku",26103,2.2315247337266735
"Kyoto-shi, Nakagyo-ku",26104,39.30294988858163
"Kyoto-shi, Higashiyama-ku",26105,24.030550709484736
"Kyoto-shi, Shimogyo-ku",26106,40.837327651932156
"Kyoto-shi, Minami-ku",26107,32.48547146198467
"Kyoto-shi, Ukyo-ku",26108,1.7684987369380412
"Kyoto-shi, Fushimi-ku",26109,17.20840408510731
"Kyoto-shi, Yamashina-ku",26110,12.903581164533465
"Kyoto-shi, Nishikyo-ku",26111,6.784373543660865
Fukuchiyama-shi,26201,0.8362896748537394
Maizuru-shi,26202,1.1354302704415196
Ayabe-shi,26203,0.6271879862692453
Uji-shi,26204,7.895586000283183
Miyazu-shi,26205,0.5230425646998217
Kameoka-shi,26206,1.599378931398075
Joyo-shi,26207,5.820597259471934
Muko-shi,26208,17.242527560082404
Nagaokakyo-shi,26209,9.477634619626224
Yawata-shi,26210,13.136601154148497
Kyotanabe-shi,26211,6.758002277600149
Kyotango-shi,26212,0.4654858286514741
Nantan-shi,26213,0.5118806072817742
Kizugawa-shi,26214,3.2085090465476584
Oyamazaki-cho,26303,13.496590947180515
Kumiyama-cho,26322,14.003054363590897
Ide-cho,26343,2.111576939871422
Ujitawara-cho,26344,1.2184758347792037
Kasagi-cho,26364,0.6015953667997506
Wazuka-cho,26365,0.6039091117615285
Seika-cho,26366,7.169999065750026
Minamiyamashiro-mura,26367,0.5314716546629715
Kyotamba-cho,26407,0.5061069898579975
Ine-cho,26463,0.31440056941790234
Yosano-cho,26465,0.6344955127373902
"Osaka-shi, Miyakojima-ku",27102,62.715651803206555
"Osaka-shi, Fukushima-ku",27103,73.8947657938363
"Osaka-shi, Konohana-ku",27104,36.132218602934856
"Osaka-shi, Nishi-ku",27106,102.37405447716365
"Osaka-shi, Minato-ku",27107,47.84170347978482
"Osaka-shi, Taisho-ku",27108,38.07713976403626
"Osaka-shi, Tennoji-ku",27109,87.24830013980487
"Osaka-shi, Naniwa-ku",27111,110.98115295253628
"Osaka-shi, Nishiyodogawa-ku",27113,35.29767063140651
"Osaka-shi, Higashiyodogawa-ku",27114,41.78867498776982
"Osaka-shi, Higashinari-ku",27115,52.14594105839581
"Osaka-shi, Ikuno-ku",27116,42.85097145146623
"Osaka-shi, Asahi-ku",27117,41.64982911427172
"Osaka-shi, Joto-ku",27118,52.62103411299071
"Osaka-shi, Abeno-ku",27119,55.48297057395663
"Osaka-shi, Sumiyoshi-ku",27120,41.050303710520964
"Osaka-shi, Higashisumiyoshi-ku",27121,42.351736717905986
"Osaka-shi, Nishinari-ku",27122,52.508331849388
"Osaka-shi, Yodogawa-ku",27123,53.38229380324856
"Osaka-shi, Tsurumi-ku",27124,43.052546367421265
"Osaka-shi, Suminoe-ku",27125,42.76060040492706
"Osaka-shi, Hirano-ku",27126,42.8909824674079
"Osaka-shi, Kita-ku",27127,120.20158862374663
"Osaka-shi, Chuo-ku",27128,119.40527726263606
"Sakai-shi, Sakai-ku",27141,37.60782800431002
"Sakai-shi, Naka-ku",27142,20.04936104307239
"Sakai-shi, Higashi-ku",27143,19.86411553494552
"Sakai-shi, Nishi-ku",27144,25.003069614336166
"Sakai-shi, Minami-ku",27145,12.353303597762965
"Sakai-shi, Kita-ku",27146,29.451634314844306
"Sakai-shi, Mihara-ku",27147,15.059566974669055
Kishiwada-shi,27202,9.900266308251284
Toyonaka-shi,27203,39.341094340387066
Ikeda-shi,27204,19.329731605592773
Suita-shi,27205,33.6356653592041
Izumiotsu-shi,27206,20.905241276763164
Takatsuki-shi,27207,10.022628285843439
Kaizuka-shi,27208,6.964111751575808
Moriguchi-shi,27209,35.47263734507704
Hirakata-shi,27210,17.837266169293517
Ibaraki-shi,27211,15.159449040919757
Yao-shi,27212,21.40376491807767
Izumisano-shi,27213,8.571246289837097
Tondabayashi-shi,27214,8.740159841477913
Neyagawa-shi,27215,26.56253414228
Kawachinagano-shi,27216,3.1349993421197384
Matsubara-shi,27217,25.83064388104062
Daito-shi,27218,21.882117083938972
Izumi-shi,27219,7.709899525544288
Minoh-shi,27220,12.07467392738951
Kashiwara-shi,27221,9.035242897824723
Habikino-shi,27222,12.019684612561573
Kadoma-shi,27223,31.815244163283005
Settsu-shi,27224,29.876972139209325
Takaishi-shi,27225,27.008535822826413
Fujiidera-shi,27226,22.629658555759413
Higashiosaka-shi,27227,25.313895844725806
Sennan-shi,27228,5.975661501374151
Shijonawate-shi,27229,10.609187991633181
Katano-shi,27230,8.421941799854876
Osakasayama-shi,27231,17.11552470398283
Hannan-shi,27232,4.008073285809711
Shimamoto-cho,27301,6.680179217292155
Toyono-cho,27321,1.9231662788577342
Nose-cho,27322,0.8207572047702185
Tadaoka-cho,27341,21.26762456453228
Kumatori-cho,27361,6.156267139235125
Tajiri-cho,27362,41.02023908699674
Misaki-cho,27366,1.6945721338987187
Taishi-cho,27381,4.071255778373321
Kanan-cho,27382,2.9095902688254323
Chihayaakasaka-mura,27383,1.1227636030871755
"Kobe-shi, Higashinada-ku",28101,23.85512697909817
"Kobe-shi, Nada-ku",28102,15.21363310048971
"Kobe-shi, Hyogo-ku",28105,25.532898446359376
"Kobe-shi, Nagata-ku",28106,27.20239059922715
"Kobe-shi, Suma-ku",28107,16.572297975216202
"Kobe-shi, Tarumi-ku",28108,19.81273622920033
"Kobe-shi, Kita-ku",28109,4.718411901678498
"Kobe-shi, Chuo-ku",28110,37.50376690014239
"Kobe-shi, Nishi-ku",28111,8.146348644314207
Himeji-shi,28201,4.414099777937085
Amagasaki-shi,28202,30.843235729422684
Akashi-shi,28203,15.522288296128472
Nishinomiya-shi,28204,15.221765086671306
Sumoto-shi,28205,0.8891978513190562
Ashiya-shi,28206,16.04385529232388
Itami-shi,28207,26.59637968977425
Aioi-shi,28208,1.5404968168563133
Toyooka-shi,28209,0.5105343419675207
Kakogawa-shi,28210,9.660488891230122
Ako-shi,28212,1.978109300360701
Nishiwaki-shi,28213,1.205182038030274
Takarazuka-shi,28214,6.665256630663733
Miki-shi,28215,2.546414280626148
Takasago-shi,28216,11.78286518139839
Kawanishi-shi,28217,8.580284168236446
Ono-shi,28218,2.5601800803618944
Sanda-shi,28219,2.2716566994627674
Kasai-shi,28220,1.3842258499350353
TambaSasayama-shi,28221,0.6426776099827264
Yabu-shi,28222,0.4164135746638453
Tamba-shi,28223,0.6994954247636838
Minamiawaji-shi,28224,0.9079701299621212
Asago-shi,28225,0.5973660174002606
Awaji-shi,28226,0.9681024460498553
Shiso-shi,28227,0.3987182051805615
Kato-shi,28228,1.6083234396337136
Tatsuno-shi,28229,1.6155641482706848
Inagawa-cho,28301,1.3517298029476363
Taka-cho,28365,0.5587571136445343
Inami-cho,28381,3.7760433120239374
Harima-cho,28382,12.77053612561089
Ichikawa-cho,28442,0.7516041586835728
Fukusaki-cho,28443,2.527053713106538
Kamikawa-cho,28446,0.47659720371056635
Taishi-cho,28464,5.093393928970534
Kamigori-cho,28481,0.6201533579216175
Sayo-cho,28501,0.46997750939175564
Kami-cho,28585,0.3689836408332506
Shinonsen-cho,28586,0.3556394533695192
Nara-shi,29201,4.79717746060355
Yamatotakada-shi,29202,10.515582192857629
Yamatokoriyama-shi,29203,7.509570360423986
Tenri-shi,29204,3.4340357557334973
Kashihara-shi,29205,7.638268462961853
Sakurai-shi,29206,2.002160269179984
Gojo-shi,29207,0.690133053899122
Gose-shi,29208,1.9658829494242065
Ikoma-shi,29209,6.983056811660072
Kashiba-shi,29210,9.761942106068373
Katsuragi-shi,29211,3.6756745695226276
Uda-shi,29212,0.6874634249744529
Yamazoe-mura,29322,0.8300492301600774
Heguri-cho,29342,3.1500377453762667
Sango-cho,29343,6.451876529273766
Ikaruga-cho,29344,4.857406072767138
Ando-cho,29345,6.975693680824489
Kawanishi-cho,29361,5.03072316623567
Miyake-cho,29362,3.685104591599955
Tawaramoto-cho,29363,4.782025324928727
Soni-mura,29385,0.35658118205433703
Mitsue-mura,29386,0.30762035209036936
Takatori-cho,29401,1.5028171631249774
Asuka-mura,29402,1.2495269476166708
Kammaki-cho,29424,9.303908864253513
Oji-cho,29425,9.319785315349472
Koryo-cho,29426,6.122064265430129
Kawai-cho,29427,6.8138197769861915
Yoshino-cho,29441,0.5945931226866933
Oyodo-cho,29442,1.3447665625328058
Shimoichi-cho,29443,0.5792797260409016
Kurotaki-mura,29444,0.318666621084087
Tenkawa-mura,29446,0.2744217534570057
Nosegawa-mura,29447,0.24214537745623715
Totsukawa-mura,29449,0.2515964287302465
Shimokitayama-mura,29450,0.26364505455280385
Kamikitayama-mura,29451,0.24006807055584148
Kawakami-mura,29452,0.2741812792179705
Higashiyoshino-mura,29453,0.315903916612302
Wakayama-shi,30201,7.143781109561683
Kainan-shi,30202,1.8527910369745553
Hashimoto-shi,30203,1.5420655794042293
Arida-shi,30204,2.536113255067854
Gobo-shi,30205,2.12262921583381
Tanabe-shi,30206,0.4161492222448253
Shingu-shi,30207,0.4831611118272397
Kinokawa-shi,30208,1.2217915646161053
Iwade-shi,30209,3.752609657223034
Kimino-cho,30304,0.4298650158162956
Katsuragi-cho,30341,0.7557122437895495
Kudoyama-cho,30343,0.6046842669019341
Koya-cho,30344,0.36712570100209396
Yuasa-cho,30361,1.5119008800917058
Hirogawa-cho,30362,0.6427503176106267
Aridagawa-cho,30366,0.5003035278532127
Mihama-cho,30381,1.378892763486991
Hidaka-cho,30382,0.5009078821284035
Yura-cho,30383,0.7956460411394205
Inami-cho,30390,0.5916726443738424
Minabe-cho,30391,0.5397123119340773
Hidakagawa-cho,30392,0.32962654186798157
Shirahama-cho,30401,0.6572604918166322
Kamitonda-cho,30404,0.9235960520100305
Susami-cho,30406,0.31099439045729865
Nachikatsuura-cho,30421,0.40366042828389775
Taiji-cho,30422,1.1831560478459051
Kozagawa-cho,30424,0.21738738584726577
Kitayama-mura,30427,0.2728958879664751
Kushimoto-cho,30428,0.503879860832388
Tottori-shi,31201,0.8684182913198999
Yonago-shi,31202,3.007270271985043
Kurayoshi-shi,31203,0.5841083546630812
Sakaiminato-shi,31204,3.7792884462972562
Iwami-cho,31302,0.5056958552049373
Wakasa-cho,31325,0.302505209970462
Chizu-cho,31328,0.3922918529855577
Yazu-cho,31329,0.4130124638631228
Misasa-cho,31364,0.3315146843338634
Yurihama-cho,31370,1.069520393060808
Kotoura-cho,31371,0.48885512941793274
Hokuei-cho,31372,0.9674108686007535
Hiezu-son,31384,4.461506733032725
Daisen-cho,31386,0.4706524969572685
Nambu-cho,31389,0.4115087725968608
Hoki-cho,31390,0.4777920070347343
Nichinan-cho,31401,0.2730544044524243
Hino-cho,31402,0.3173746176260979
Kofu-cho,31403,0.35345910121763957
Matsue-shi,32201,1.2238965640862804
Hamada-shi,32202,0.5257769601728745
Izumo-shi,32203,0.9937190697867752
Masuda-shi,32204,0.39086105925461634
Oda-shi,32205,0.4054213828644523
Yasugi-shi,32206,0.5248904525635758
Gotsu-shi,32207,0.49156837419527855
Unnan-shi,32209,0.4403731427004466
Okuizumo-cho,32343,0.34398416524531905
Iinan-cho,32386,0.2741503371947476
Kawamoto-machi,32441,0.2772524088606771
Misato-cho,32448,0.2348217924109145
Onan-cho,32449,0.26492876172600155
Tsuwano-cho,32501,0.34113266980140344
Yoshika-cho,32505,0.3078812231330769
Ama-cho,32525,0.4249860975091829
Nishinoshima-cho,32526,0.43418478745678973
Chibu-mura,32527,0.5176786204175082
Okinoshima-cho,32528,0.38117089800909587
"Okayama-shi, Kita-ku",33101,2.717160291604336
"Okayama-shi, Naka-ku",33102,7.804907131851143
"Okayama-shi, Higashi-ku",33103,2.2902125442536936
"Okayama-shi, Minami-ku",33104,4.673348604359338
Kurashiki-shi,33202,7.515672031543743
Tsuyama-shi,33203,0.7131808754735345
Tamano-shi,33204,1.9392337002204274
Kasaoka-shi,33205,1.7867456349905555
Ibara-shi,33207,0.5970800069858252
Soja-shi,33208,1.0605964319921317
Takahashi-shi,33209,0.3776318539154208
Niimi-shi,33210,0.30307880658418423
Bizen-shi,33211,0.7558944917240392
Setouchi-shi,33212,1.1237265530645832
Akaiwa-shi,33213,0.7852461828772859
Maniwa-shi,33214,0.35852084012838914
Mimasaka-shi,33215,0.48961518019662253
Asakuchi-shi,33216,1.8143321926910139
Wake-cho,33346,0.5955695837881704
Hayashima-cho,33423,8.38997247178514
Satosho-cho,33445,2.5487529453130024
Yakage-cho,33461,0.666676943139505
Shinjo-son,33586,0.2605834620233004
Kagamino-cho,33606,0.30119184885838995
Shoo-cho,33622,1.048295529252658
Nagi-cho,33623,0.493057711635714
Nishiawakura-son,33643,0.32618483715380003
Kumenan-cho,33663,0.40416619947843335
Misaki-cho,33666,0.3863470440805775
Kibichuo-cho,33681,0.42313343026907996
"Hiroshima-shi, Naka-ku",34101,35.578860512598354
"Hiroshima-shi, Higashi-ku",34102,7.014642640602641
"Hiroshima-shi, Minami-ku",34103,20.440647514011378
"Hiroshima-shi, Nishi-ku",34104,17.42183946974817
"Hiroshima-shi, Asaminami-ku",34105,5.271463457929444
"Hiroshima-shi, Asakita-ku",34106,1.2998852720632084
"Hiroshima-shi, Aki-ku",34107,3.1428215579272334
"Hiroshima-shi, Saeki-ku",34108,2.0456093042663053
Kure-shi,34202,2.0382974989302
Takehara-shi,34203,1.103223804631886
Mihara-shi,34204,1.083240567698943
Onomichi-shi,34205,1.5668729378813449
Fukuyama-shi,34207,3.9649154972031004
Fuchu-shi,34208,0.5714384359173535
Miyoshi-shi,34209,0.48829568766083786
Shobara-shi,34210,0.3393983450924842
Otake-shi,34211,2.115945568416618
Higashihiroshima-shi,34212,1.4089060943776617
Hatsukaichi-shi,34213,0.8693865474383341
Akitakata-shi,34214,0.4338517408094024
Etajima-shi,34215,1.2069888494224317
Fuchu-cho,34302,9.605225645700596
Kaita-cho,34304,7.2714919615431555
Kumano-cho,34307,2.0303553593209576
Saka-cho,34309,4.950874661308768
Akiota-cho,34368,0.3524795087818797
Kitahiroshima-cho,34369,0.36179308298217255
Osakikamijima-cho,34431,0.805476687454101
Sera-cho,34462,0.41227729859766216
Jinsekikogen-cho,34545,0.28898199174159345
Shimonoseki-shi,35201,1.198500902650175
Ube-shi,35202,2.3002388187704907
Yamaguchi-shi,35203,0.7724157022159763
Hagi-shi,35204,0.40838980469798397
Hofu-shi,35206,2.1359519953259922
Kudamatsu-shi,35207,2.538389251032621
Iwakuni-shi,35208,1.2044104352560276
Hikari-shi,35210,2.479313045859051
Nagato-shi,35211,0.6120192709008925
Yanai-shi,35212,0.9207715371468171
Mine-shi,35213,0.4333848108234969
Shunan-shi,35215,1.536897871629192
Sanyoonoda-shi,35216,2.2462427811901966
Suooshima-cho,35305,0.49015264792923013
Waki-cho,35321,6.770549790432778
Kaminoseki-cho,35341,0.2948735476233384
Tabuse-cho,35343,0.8639957850462737
Hirao-cho,35344,1.0068677113750821
Abu-cho,35502,0.30586921636080094
Tokushima-shi,36201,5.3773296150967855
Naruto-shi,36202,1.8324453813023713
Komatsushima-shi,36203,3.3765055896262064
Anan-shi,36204,1.3789294138902168
Yoshinogawa-shi,36205,0.9080462808463694
Awa-shi,36206,0.8031276655731889
Mima-shi,36207,0.492369096981581
Miyoshi-shi,36208,0.3717066310454965
Katsuura-cho,36301,0.5808992648373891
Kamikatsu-cho,36302,0.29521836323148454
Sanagouchi-son,36321,0.7955125228911228
Ishii-cho,36341,2.4589090739903283
Kamiyama-cho,36342,0.3754587944697133
Naka-cho,36368,0.27171628592331076
Mugi-cho,36383,0.42019981136682677
Minami-cho,36387,0.4152571140869059
Kaiyo-cho,36388,0.2989044383936387
Matsushige-cho,36401,8.38506667614662
Kitajima-cho,36402,7.007729212545867
Aizumi-cho,36403,5.407870781998769
Itano-cho,36404,2.0796322505714135
Kamiita-cho,36405,1.3553170196823685
Tsurugi-cho,36468,0.3831401489779864
Higashimiyoshi-cho,36489,0.5470240576461666
Takamatsu-shi,37201,4.030298281052243
Marugame-shi,37202,3.6614988791686676
Sakaide-shi,37203,4.571702669639367
Zentsuji-shi,37204,4.012111632611993
Kanonji-shi,37205,2.0443240154104516
Sanuki-shi,37206,1.1415239756773583
Higashikagawa-shi,37207,0.856899740439986
Mitoyo-shi,37208,1.4023815461276776
Tonosho-cho,37322,0.941447113250471
Shodoshima-cho,37324,0.7800672511958289
Miki-cho,37341,1.3596686785001455
Naoshima-cho,37364,2.7953100943364952
Utazu-cho,37386,11.112121507820234
Ayagawa-cho,37387,0.9996542023391084
Kotohira-cho,37403,2.8219568629907164
Tadotsu-cho,37404,2.184169768322742
Manno-cho,37406,0.573170779985456
Matsuyama-shi,38201,3.2668400054540636
Imabari-shi,38202,1.2464958943441429
Uwajima-shi,38203,0.5878274766884223
Yawatahama-shi,38204,0.7118326587985451
Niihama-shi,38205,2.5400481420513503
Saijo-shi,38206,1.010228899157258
Ozu-shi,38207,0.5089621485328226
Iyo-shi,38210,0.6404119936620605
Shikokuchuo-shi,38213,1.012566450555591
Seiyo-shi,38214,0.3958722646465948
Toon-shi,38215,0.8486807943606324
Kamijima-cho,38356,0.7886098902186911
Kumakogen-cho,38386,0.27529914615268464
Masaki-cho,38401,4.369844313217635
Tobe-cho,38402,0.6864220173980757
Uchiko-cho,38422,0.35243693713945257
Ikata-cho,38442,0.5711702488358142
Matsuno-cho,38484,0.30764440802817056
Kihoku-cho,38488,0.32795738036178257
Ainan-cho,38506,0.4402936771295273
Kochi-shi,39201,3.240035438483351
Muroto-shi,39202,0.28912416193458174
Aki-shi,39203,0.4226100203541849
Nankoku-shi,39204,1.6569702664376171
Tosa-shi,39205,1.7226548893238458
Susaki-shi,39206,3.3668074295775767
Sukumo-shi,39208,0.49086178477674236
Tosashimizu-shi,39209,0.3006889451435554
Shimanto-shi,39210,0.41500151582307115
Konan-shi,39211,1.1684252898639849
Kami-shi,39212,0.3508241575524514
Toyo-cho,39301,0.27133475780050875
Nahari-cho,39302,0.8354143645943695
Tano-cho,39303,2.0313763264720066
Yasuda-cho,39304,0.47490578292154684
Kitagawa-mura,39305,0.2842536036005408
Umaji-mura,39306,0.2048609381116855
Geisei-mura,39307,0.9236610971267311
Motoyama-cho,39341,0.25851472537834025
Otoyo-cho,39344,0.27907278622161513
Tosa-cho,39363,0.25625167281747796
Okawa-mura,39364,0.22126245956027088
Ino-cho,39386,0.3284619757147524
Niyodogawa-cho,39387,0.25596499302471376
Nakatosa-cho,39401,0.3838133910393125
Sakawa-cho,39402,0.672106476139705
Ochi-cho,39403,0.41962278893122495
Yusuhara-cho,39405,0.24995337896274278
Hidaka-mura,39410,0.5302210523805263
Tsuno-cho,39411,0.30323293289803716
Shimanto-cho,39412,0.6077413660501448
Otsuki-cho,39424,0.2949156088572289
Mihara-mura,39427,0.25629217317160463
Kuroshio-cho,39428,0.6214778927229975
"Kitakyushu-shi, Moji-ku",40101,5.470575947908702
"Kitakyushu-shi, Wakamatsu-ku",40103,7.036630069812221
"Kitakyushu-shi, Tobata-ku",40105,25.95093515772416
"Kitakyushu-shi, Kokurakita-ku",40106,22.070774730426212
"Kitakyushu-shi, Kokuraminami-ku",40107,4.648875060807639
"Kitakyushu-shi, Yahatahigashi-ku",40108,8.831885707541991
"Kitakyushu-shi, Yahatanishi-ku",40109,10.93761094436718
"Fukuoka-shi, Higashi-ku",40131,17.63920854957448
"Fukuoka-shi, Hakata-ku",40132,43.39969284737899
"Fukuoka-shi, Chuo-ku",40133,55.66273574854409
"Fukuoka-shi, Minami-ku",40134,20.749303968420403
"Fukuoka-shi, Nishi-ku",40135,8.169287077098767
"Fukuoka-shi, Jonan-ku",40136,19.601816455819403
"Fukuoka-shi, Sawara-ku",40137,5.486136686349813
Omuta-shi,40202,6.24492453016354
Kurume-shi,40203,5.329258938441844
Nogata-shi,40204,4.065942047193032
Iizuka-shi,40205,2.7700216723333417
Tagawa-shi,40206,3.1977450260815257
Yanagawa-shi,40207,4.5292606018617425
Yame-shi,40210,1.857144469727132
Chikugo-shi,40211,7.445148810953064
Okawa-shi,40212,7.711033425182079
Yukuhashi-shi,40213,3.1088832773207438
Buzen-shi,40214,1.1991634761707084
Nakama-shi,40215,6.614395065487968
Ogori-shi,40216,5.01046641924434
Chikushino-shi,40217,4.019897442575228
Kasuga-shi,40218,20.71036792528439
Onojo-shi,40219,13.019458702939284
Munakata-shi,40220,3.1665279218176297
Dazaifu-shi,40221,8.05447822436803
Koga-shi,40223,5.917778466973226
Fukutsu-shi,40224,4.143438712766053
Ukiha-shi,40225,1.111926608299576
Miyawaka-shi,40226,2.0484471421918773
Kama-shi,40227,1.3196656369897544
Asakura-shi,40228,1.502000251882264
Miyama-shi,40229,2.2839535174685053
Itoshima-shi,40230,2.3259958677374777
Nakagawa-shi,40231,2.465915891226873
Umi-machi,40341,4.858424471841147
Sasaguri-machi,40342,3.2871861837160936
Shime-machi,40343,18.841189118993167
Sue-machi,40344,6.6485293154698555
Shingu-machi,40345,11.61242265349803
Hisayama-machi,40348,3.8289223571482767
Kasuya-machi,40349,15.111907876844885
Ashiya-machi,40381,5.013918253300705
Mizumaki-machi,40382,6.932066226785964
Okagaki-machi,40383,2.238698575844658
Onga-cho,40384,3.5093079991472482
Kotake-machi,40401,3.4543877945915757
Kurate-machi,40402,2.0752915446746494
Keisen-machi,40421,2.2691895830849003
Chikuzen-machi,40447,2.2288584583551545
Toho-mura,40448,0.652087992183806
Tachiarai-machi,40503,3.1538048842990567
Oki-machi,40522,5.9102078650808165
Hirokawa-machi,40544,6.585238858070697
Kawara-machi,40601,1.2795208524637358
Soeda-machi,40602,0.49131454905122585
Itoda-machi,40604,2.766000205123868
Kawasaki-machi,40605,1.3705530362167786
Oto-machi,40608,1.5966912696390474
Aka-mura,40609,0.7436735796067797
Fukuchi-machi,40610,2.03450411076683
Kanda-machi,40621,6.763338666317318
Miyako-machi,40625,0.8369015214969289
Yoshitomi-machi,40642,5.083831946659644
Koge-machi,40646,0.8854810798020445
Chikujo-machi,40647,0.9639047448628321
Saga-shi,41201,2.628499652804686
Karatsu-shi,41202,1.5500183450960807
Tosu-shi,41203,5.000721697360875
Taku-shi,41204,1.0137526516644313
Imari-shi,41205,1.0989019616475613
Takeo-shi,41206,1.4323529920732085
Kashima-shi,41207,1.1965815967926419
Ogi-shi,41208,1.8995611251652749
Ureshino-shi,41209,0.9579724438256173
Kanzaki-shi,41210,1.3950263679018937
Yoshinogari-cho,41327,2.095478837845175
Kiyama-cho,41341,4.743726075292206
Kamimine-cho,41345,3.3514749059927094
Miyaki-cho,41346,2.6848953182290143
Genkai-cho,41387,2.173656538455922
Arita-cho,41401,1.0579341916449285
Omachi-cho,41423,1.8122543335250179
Kouhoku-machi,41424,2.1196072579996645
Shiroishi-cho,41425,1.5931434289427542
Tara-cho,41441,0.506711591675971
Nagasaki-shi,42201,2.8242279294410952
Sasebo-shi,42202,2.217150365907127
Shimabara-shi,42203,2.0902719778972467
Isahaya-shi,42204,1.7592055263624984
Omura-shi,42205,2.680612106473383
Hirado-shi,42207,0.5058557319053204
Matsuura-shi,42208,0.8421468278520633
Tsushima-shi,42209,0.46170318753866557
Iki-shi,42210,0.9007440041625355
Goto-shi,42211,0.37473438602676107
Saikai-shi,42212,0.7972446452177426
Unzen-shi,42213,1.9260678492158962
Minamishimabara-shi,42214,1.8282951837829788
Nagayo-cho,42307,2.9134987793011358
Togitsu-cho,42308,4.1828271838502245
Higashisonogi-cho,42321,0.949456085532041
Kawatana-cho,42322,1.105929124997819
Hasami-cho,42323,0.951196851186494
Ojika-cho,42383,0.3918246718994258
Saza-cho,42391,1.7274495073362968
Shinkamigoto-cho,42411,0.4047214644458602
"Kumamoto-shi, Chuo-ku",43101,29.986720482316052
"Kumamoto-shi, Higashi-ku",43102,11.392139179232316
"Kumamoto-shi, Nishi-ku",43103,4.173090213067826
"Kumamoto-shi, Minami-ku",43104,4.420131200023306
"Kumamoto-shi, Kita-ku",43105,3.793608332188887
Yatsushiro-shi,43202,0.861631388295083
Hitoyoshi-shi,43203,0.5604216724420341
Arao-shi,43204,2.4956857575122586
Minamata-shi,43205,0.6888581641391269
Tamana-shi,43206,2.718314999371245
Yamaga-shi,43208,0.8333668217970682
Kikuchi-shi,43210,0.851546281543346
Uto-shi,43211,2.3451038823578365
Kamiamakusa-shi,43212,0.8020013276406196
Uki-shi,43213,1.5582524302448062
Aso-shi,43214,0.7481227605400288
Amakusa-shi,43215,0.4930922390467923
Koshi-shi,43216,2.9981655851664444
Misato-machi,43348,0.45040014256182853
Gyokuto-machi,43364,1.0153646248056134
Nankan-machi,43367,1.086221860869829
Nagasu-machi,43368,4.847977123859658
Nagomi-machi,43369,0.6052887355531287
Ozu-machi,43403,2.0816922274203287
Kikuyo-machi,43404,5.072157366895832
Minamioguni-machi,43423,0.3945866686935885
Oguni-machi,43424,0.3741403755809697
Ubuyama-mura,43425,0.2727869763599457
Takamori-machi,43428,0.31412525074267356
Nishihara-mura,43432,0.6779957254371084
Minamiaso-mura,43433,0.5232145544950195
Mifune-machi,43441,0.9890735921274549
Kashima-machi,43442,3.7641063987132313
Mashiki-machi,43443,2.7146448828118257
Kosa-machi,43444,1.3358645179828272
Yamato-cho,43447,0.36226662919930036
Hikawa-cho,43468,5.492159628821114
Ashikita-machi,43482,0.43720205909673693
Tsunagi-machi,43484,0.6264070800049042
Nishiki-machi,43501,0.5793269441470574
Taragi-machi,43505,0.48499386340116246
Yunomae-machi,43506,0.7840779643291923
Mizukami-mura,43507,0.33914343153909043
Sagara-mura,43510,0.4696543722011788
Itsuki-mura,43511,0.25947121004623414
Yamae-mura,43512,0.31223955005514
Kuma-mura,43513,0.27579809109610814
Asagiri-cho,43514,0.5871383611669407
Reihoku-machi,43531,1.0076783895925945
Oita-shi,44201,4.835857159612787
Beppu-shi,44202,3.9012690822749683
Nakatsu-shi,44203,0.8990479451017068
Hita-shi,44204,0.5835219846563523
Saiki-shi,44205,0.5352222313258219
Usuki-shi,44206,0.7528111603231392
Tsukumi-shi,44207,1.3361943513329997
Taketa-shi,44208,0.3469097894925461
Bungotakada-shi,44209,0.6585846581440737
Kitsuki-shi,44210,0.8140041480342977
Usa-shi,44211,0.7969727408513035
Bungoono-shi,44212,0.42591159516866944
Yufu-shi,44213,0.6589447746720093
Kunisaki-shi,44214,0.5545954715548977
Himeshima-mura,44322,0.6230936943759002
Hiji-machi,44341,1.3678495344565698
Kokonoe-machi,44461,0.38060838964054283
Kusu-machi,44462,0.4566432345020285
Miyazaki-shi,45201,2.1659117373424714
Miyakonojo-shi,45202,0.9894102501986362
Nobeoka-shi,45203,0.5985196438112885
Nichinan-shi,45204,0.45454901972810113
Kobayashi-shi,45205,0.48812269458582164
Hyuga-shi,45206,0.9579227995839351
Kushima-shi,45207,0.45106118772764053
Saito-shi,45208,0.3890137864926173
Ebino-shi,45209,0.4437882581385895
Mimata-cho,45341,0.7905297434379681
Takaharu-cho,45361,0.5299958539915158
Kunitomi-cho,45382,0.9159894538441656
Aya-cho,45383,0.32078305100682053
Takanabe-cho,45401,1.4350621333779978
Shintomi-cho,45402,1.4034251374538775
Nishimera-son,45403,0.24292347514389628
Kijo-cho,45404,0.2845040762842575
Kawaminami-cho,45405,0.9017663462455013
Tsuno-cho,45406,0.5488787457326756
Kadogawa-cho,45421,0.5698387166896348
Morotsuka-son,45429,0.23930982359515848
Shiiba-son,45430,0.22858886717683755
Misato-cho,45431,0.24257286130010808
Takachiho-cho,45441,0.3321750351044939
Hinokage-cho,45442,0.25492379259286263
Gokase-cho,45443,0.2662246360661091
Kagoshima-shi,46201,3.0549136334783324
Kanoya-shi,46203,1.1037711709565743
Makurazaki-shi,46204,2.2016903158406667
Akune-shi,46206,0.6507116539313939
Izumi-shi,46208,0.5521802465092787
Ibusuki-shi,46210,1.3243124720194734
Nishinoomote-shi,46213,0.3124780777301821
Tarumizu-shi,46214,0.5672039658313918
Satsumasendai-shi,46215,0.6439913019932835
Hioki-shi,46216,0.6449103183607018
So-shi,46217,0.6113780111545076
Kirishima-shi,46218,0.788517179109849
Ichikikushikino-shi,46219,0.9141175034662136
Minamisatsuma-shi,46220,0.4960235605836359
Shibushi-shi,46221,1.168460214996628
Amami-shi,46222,0.36177648389044226
Minamikyushu-shi,46223,0.46725859284995375
Isa-shi,46224,0.34477171794282785
Aira-shi,46225,0.9346581429932902
Mishima-mura,46303,0.22258016956800386
Toshima-mura,46304,0.24440217586408555
Satsuma-cho,46392,0.42384032602677224
Nagashima-cho,46404,0.31497588498399104
Yusui-cho,46452,0.44163412185012896
Osaki-cho,46468,1.0902757316294491
Higashikushira-cho,46482,1.4093574877553583
Kinko-cho,46490,0.4093076596833478
Minamiosumi-cho,46491,0.28746664716545084
Kimotsuki-cho,46492,0.4139906885896653
Nakatane-cho,46501,0.3081450204805345
Minamitane-cho,46502,0.38650696391295725
Yakushima-cho,46505,0.2210917070253572
Yamato-son,46523,0.21066276036041845
Uken-son,46524,0.19209669640640833
Setouchi-cho,46525,0.24783588899897283
Tatsugo-cho,46527,0.32451949651882633
Kikai-cho,46529,0.570730695118154
Tokunoshima-cho,46530,0.3156951146801866
Amagi-cho,46531,0.29373830851841826
Isen-cho,46532,0.2712797011688244
Wadomari-cho,46533,8.899841777400985
China-cho,46534,1.7432261949552086
Yoron-cho,46535,2.184344460073674
Naha-shi,47201,36.78062244224184
Ginowan-shi,47205,27.180007109342597
Ishigaki-shi,47207,0.8421039184948641
Urasoe-shi,47208,26.04195192395469
Nago-shi,47209,3.795227271797363
Itoman-shi,47210,27.61146453589843
Okinawa-shi,47211,28.565587545772708
Tomigusuku-shi,47212,14.93663713310783
Uruma-shi,47213,17.206679038333444
Miyakojima-shi,47214,1.3838297490725222
Nanjo-shi,47215,6.164033786205139
Kunigami-son,47301,0.6939157780736556
Ogimi-son,47302,1.1347167417497972
Higashi-son,47303,0.7345909785140483
Nakijin-son,47306,19.054275574791596
Motobu-cho,47308,6.659069478032238
Onna-son,47311,8.25370788477569
Ginoza-son,47313,4.8168629736120865
Kin-cho,47314,12.084726028355364
Ie-son,47315,24.29940461700137
Yomitan-son,47324,18.78809267218066
Kadena-cho,47325,26.106063749503253
Chatan-cho,47326,33.54159433553435
Kitanakagusuku-son,47327,14.643347992019605
Nakagusuku-son,47328,14.276765463905093
Nishihara-cho,47329,18.70164908739713
Yonabaru-cho,47348,12.97264125257
Haebaru-cho,47350,18.359433431444987
Tokashiki-son,47353,0.3652699482947844
Zamami-son,47354,0.2690488484791341
Aguni-son,47355,0.38970874091860297
Tonaki-son,47356,0.5352016215181801
Minamidaito-son,47357,0.3359986184372128
Kitadaito-son,47358,0.4467931146853845
Iheya-son,47359,0.2515986651665539
Izena-son,47360,0.5405890641111578
Kumejima-cho,47361,2.6680333686397844
Yaese-cho,47362,19.370269534527363
Tarama-son,47375,0.3896009710619249
Taketomi-cho,47381,0.31455032950171535
Yonaguni-cho,47382,0.5221177261879963
Oshima-machi,13361,0.6798855139078163
Toshima-mura,13362,0.6277409810774807
Niijima-mura,13363,1.2713887808905542
Kouzushima-mura,13364,0.8985960086206255
Miyake-mura,13381,0.5596032699667698
Mikurajima-mura,13382,0.28087789278330716
Hachijo-machi,13401,0.8003312976771406
Aogashima-mura,13402,0.5576916704158168
"Sapporo-shi, Chuo-ku",01101,51.285355990666496
"Sapporo-shi, Kita-ku",01102,51.242883809175176
"Sapporo-shi, Higashi-ku",01103,58.06628428547256
"Sapporo-shi, Shiroishi-ku",01104,66.75765941412561
"Sapporo-shi, Toyohira-ku",01105,42.93648368982497
"Sapporo-shi, Minami-ku",01106,3.2252614274440106
"Sapporo-shi, Nishi-ku",01107,24.386182377124566
"Sapporo-shi, Atsubetsu-ku",01108,55.27448375477825
"Sapporo-shi, Teine-ku",01109,26.331017794585705
"Sapporo-shi, Kiyota-ku",01110,26.277620542194473
Ebetsu-shi,01217,11.883531553310464
Chitose-shi,01224,2.1101426489697417
Eniwa-shi,01231,2.8051335251703398
Kitahiroshima-shi,01234,10.877256536344476
Ishikari-shi,01235,2.0953708695846864
Tobetsu-cho,01303,1.5558103799838467
Shinshinotsu-mura,01304,2.6739461952132633
Esashi-cho,01361,0.43562977742662284
Kaminokuni-cho,01362,0.32023060089899824
Assabu-cho,01363,0.49888280268617397
Otobe-cho,01364,0.430844177877484
Okushiri-cho,01367,1.1237662359380869
Imakane-cho,01370,0.5580582970680691
Setana-cho,01371,0.44575932890161596
Rumoi-shi,01212,1.845370515328904
Mashike-cho,01481,0.381034023163223
Obira-cho,01482,0.6095941770494065
Tomamae-cho,01483,0.7914823843498745
Haboro-cho,01484,0.8420680134015893
Shosambetsu-mura,01485,0.5384799430641054
Embetsu-cho,01486,0.5476915624574419
Teshio-cho,01487,0.8987895599085897
Ogasawara-mura,13421,0.39353052524823795
Nemuro-shi,01223,0.8245492905609193
Hidaka-cho,01601,0.4500098895212809
Biratori-cho,01602,0.40426116754490365
Niikappu-cho,01604,0.356295305723478
Urakawa-cho,01607,0.3977601989373606
Samani-cho,01608,0.3381045956049251
Erimo-cho,01609,0.36832365330457467
Shinhidaka-cho,01610,0.38653774139553754
Betsukai-cho,01691,0.5169699346234606
Nakashibetsu-cho,01692,0.6403843908769509
Shibetsu-cho,01693,0.5347902313661248
Rausu-cho,01694,0.5508848640134306
Shikotan-mura,01695,0.6254140776936273
Tomari-mura,01696,0.47807882457486744
Ruyobetsu-mura,01697,0.29087952624831004
Rubetsu-mura,01698,0.298868936015628
Shana-mura,01699,0.4886989124723832
Shibetoro-mura,01700,0.3220680913296027
Asahikawa-shi,01204,7.838962589561819
Shibetsu-shi,01220,0.8006589732511932
Nayoro-shi,01221,2.227060198336301
Furano-shi,01229,1.1046027229001971
Takasu-cho,01452,3.2967900956524985
Higashikagura-cho,01453,4.709390313203106
Tohma-cho,01454,1.815781573481813
Pippu-cho,01455,2.6414830688675743
Aibetsu-cho,01456,1.1522426391793263
Kamikawa-cho,01457,0.6936833203028632
Higashikawa-cho,01458,1.1845787305280233
Biei-cho,01459,0.8179131047443828
Kamifurano-cho,01460,1.7187315441148818
Nakafurano-cho,01461,2.782801828896865
Minamifurano-cho,01462,0.6831466109324353
Shimukappu-mura,01463,0.4540397448634751
Wassamu-cho,01464,0.9782352371594865
Kembuchi-cho,01465,1.2948555586729595
Shimokawa-cho,01468,0.6518441985172587
Bifuka-cho,01469,0.6277434550977051
Otoineppu-mura,01470,0.553739265163162
Nakagawa-cho,01471,0.5515113580136124
Horokanai-cho,01472,0.5235074617915432
Yubari-shi,01209,0.6748537079479902
Iwamizawa-shi,01210,4.689229361101703
Bibai-shi,01215,2.49412097533721
Ashibetsu-shi,01216,0.65623241831435
Akabira-shi,01218,2.7175400927242555
Mikasa-shi,01222,1.9709158498080612
Takikawa-shi,01225,5.144575739922005
Sunagawa-shi,01226,5.0135010280039545
Utashinai-shi,01227,2.8152002465800847
Fukagawa-shi,01228,1.760009059776824
Nanporo-cho,01423,2.7097384081128832
Naie-cho,01424,3.314363330892807
Kamisunagawa-cho,01425,1.3876809497206266
Yuni-cho,01427,1.3303990620818722
Naganuma-cho,01428,3.191482876183721
Kuriyama-cho,01429,1.77240677300489
Tsukigata-cho,01430,2.1704420424177444
Urausu-cho,01431,1.3971944110774583
Shintotsukawa-cho,01432,0.9280413777137344
Moseushi-cho,01433,2.989899217272561
Chippubetsu-cho,01434,5.010239247250647
Uryu-cho,01436,0.8706476506368257
Hokuryu-cho,01437,1.0760514383929578
Numata-cho,01438,1.1573097042844949
Otaru-shi,01203,6.477102465752073
Shimamaki-mura,01391,0.4003262941520431
Suttsu-cho,01392,0.4088347930218141
Kuromatsunai-cho,01393,0.6355623772929841
Rankoshi-cho,01394,0.6845038776650324
Niseko-cho,01395,1.0892385383007679
Makkari-mura,01396,1.2642721589998314
Rusutsu-mura,01397,0.915208968615256
Kimobetsu-cho,01398,0.8980972144751161
Kyogoku-cho,01399,0.910916132235429
Kutchan-cho,01400,2.083825283591716
Kyowa-cho,01401,1.2048727897141485
Iwanai-cho,01402,2.624784160645837
Tomari-mura,01403,0.993536255116973
Kamoenai-mura,01404,0.7083551381435726
Shakotan-cho,01405,0.5560877454903321
Furubira-cho,01406,0.6494169313959407
Niki-cho,01407,0.8890155139226152
Yoichi-cho,01408,1.9206523341551236
Akaigawa-mura,01409,0.8324460746813338
Wakkanai-shi,01214,1.37995715422811
Sarufutsu-mura,01511,0.5313803022875214
Hamatombetsu-cho,01512,0.8959429998057742
Nakatombetsu-cho,01513,0.7088786848306078
Esashi-cho,01514,0.5732519854113675
Toyotomi-cho,01516,0.8666774563897511
Rebun-cho,01517,0.7650722714598198
Rishiri-cho,01518,0.5175412066169206
Rishirifuji-cho,01519,0.6797512792937469
Horonobe-cho,01520,0.7620710260261123
Muroran-shi,01205,9.200084196131225
Tomakomai-shi,01213,3.1044588408707874
Noboribetsu-shi,01230,1.4583813725598485
Date-shi,01233,0.9971767487064872
Toyoura-cho,01571,0.9011954488440331
Sobetsu-cho,01575,0.7855248760947807
Shiraoi-cho,01578,0.7267605609186183
Atsuma-cho,01581,0.7023875985624685
Toyako-cho,01584,1.5220581713726284
Abira-cho,01585,1.2432817915115222
Mukawa-cho,01586,0.4842246561619735
Obihiro-shi,01207,2.66678250188939
Otofuke-cho,01631,1.4747575984554417
Shihoro-cho,01632,0.9736396149777841
Kamishihoro-cho,01633,0.7364159593648736
Shikaoi-cho,01634,0.825915163121958
Shintoku-cho,01635,0.5510017593758333
Shimizu-cho,01636,1.1835704633976292
Memuro-cho,01637,1.4475632603855904
Nakasatsunai-mura,01638,0.5936000450868077
Sarabetsu-mura,01639,0.7707889156663031
Taiki-cho,01641,0.38126307351836336
Hiroo-cho,01642,0.4615063683945577
Makubetsu-cho,01643,1.0488560859190152
Ikeda-cho,01644,0.6350542427057886
Toyokoro-cho,01645,0.45243068162707034
Hombetsu-cho,01646,0.5426752698494661
Ashoro-cho,01647,0.43784735767429656
Rikubetsu-cho,01648,0.46704413231025155
Urahoro-cho,01649,0.43600459446235584
Hakodate-shi,01202,3.284599095069867
Hokuto-shi,01236,1.6821077628645358
Matsumae-cho,01331,0.454527302803294
Fukushima-cho,01332,0.4922362487100092
Shiriuchi-cho,01333,0.571550290594917
Kikonai-cho,01334,0.49407848356168566
Nanae-cho,01337,2.005301291307522
Shikabe-cho,01343,0.6595683051556657
Mori-machi,01345,0.9941848540010422
Yakumo-cho,01346,0.6184442865312005
Oshamambe-cho,01347,0.7409512583323008
Kushiro-shi,01206,1.2612831464968772
Kushiro-cho,01661,0.9926699871188666
Akkeshi-cho,01662,0.3645318139829236
Hamanaka-cho,01663,0.45007667074431584
Shibecha-cho,01664,0.41820960027836745
Teshikaga-cho,01665,0.4683059393497336
Tsurui-mura,01667,0.3529171659327015
Shiranuka-cho,01668,0.40337871228507033
Kitami-shi,01208,1.2969086053510726
Abashiri-shi,01211,1.263396969183481
Mombetsu-shi,01219,0.7796180147969575
Bihoro-cho,01543,1.0734221443489569
Tsubetsu-cho,01544,0.5003676795104944
Shari-cho,01545,0.6835563546243998
Kiyosato-cho,01546,0.46328166231780366
Koshimizu-cho,01547,0.8497532628757477
Kunneppu-cho,01549,0.8927865677517627
Oketo-cho,01550,0.47308583527722414
Saroma-cho,01552,0.5179162410750362
Engaru-cho,01555,0.6735815284921857
Yubetsu-cho,01559,0.6587813124035384
Takinoue-cho,01560,0.41682244848709965
Okoppe-cho,01561,0.5223706414906907
Nishiokoppe-mura,01562,0.5007126298147977
Omu-cho,01563,0.4480703859108453
Ozora-cho,01564,0.8338700949289202
